Prs_ds_disc_t1,Prs_ds_disc,Prs_us_disc_t1,Prs_us_disc,MinTemp_disc_t1,MinTemp_disc,MaxTemp_disc_t1,MaxTemp_disc,Avg_Temp_disc_t1,Avg_Temp_disc,Temp_range_disc_t1,Temp_range_disc,Rain_disc_t1,Rain_disc,total_leak_count_t1,total_leak_count
2,2,1,1,0,1,0,2,0,1,2,2,0,0,0,0
2,2,1,1,1,0,2,0,1,0,2,2,0,0,0,0
2,2,1,1,0,0,0,0,0,0,2,2,0,0,0,0
2,2,1,2,0,0,0,0,0,0,2,2,0,1,0,1
2,2,2,2,0,0,0,0,0,0,2,1,1,1,1,0
2,2,2,2,0,0,0,0,0,0,1,1,1,1,0,0
2,2,2,2,0,0,0,0,0,0,1,1,1,1,0,0
2,2,2,1,0,0,0,0,0,0,1,1,1,0,0,0
2,1,1,0,0,0,0,1,0,0,1,2,0,0,0,1
1,2,0,0,0,0,1,0,0,0,2,2,0,0,1,3
2,2,0,2,0,1,0,0,0,0,2,1,0,0,3,4
2,2,2,2,1,0,0,1,0,0,1,1,0,0,4,1
2,2,2,2,0,0,1,0,0,1,1,0,0,1,1,1
2,2,2,2,0,0,0,0,1,0,0,0,1,2,1,3
2,2,2,2,0,0,0,0,0,0,0,0,2,0,3,0
2,2,2,2,0,0,0,0,0,0,0,1,0,0,0,0
2,2,2,1,0,0,0,0,0,0,1,2,0,0,0,0
2,2,1,1,0,0,0,0,0,0,2,2,0,0,0,1
2,2,1,1,0,0,0,0,0,0,2,2,0,0,1,1
2,2,1,1,0,0,0,0,0,0,2,1,0,0,1,0
2,2,1,2,0,0,0,0,0,0,1,1,0,0,0,1
2,2,2,2,0,0,0,1,0,0,1,2,0,0,1,2
2,2,2,1,0,1,1,1,0,0,2,1,0,0,2,1
2,2,1,1,1,0,1,1,0,0,1,2,0,0,1,2
2,2,1,2,0,0,1,0,0,0,2,2,0,0,2,1
2,2,2,2,0,0,0,1,0,0,2,2,0,0,1,0
2,2,2,0,0,0,1,0,0,1,2,1,0,0,0,1
2,1,0,0,0,0,0,1,1,0,1,2,0,0,1,0
1,2,0,1,0,0,1,0,0,0,2,1,0,0,0,1
2,2,1,0,0,0,0,0,0,0,1,2,0,0,1,0
2,2,0,1,0,1,0,0,0,0,2,0,0,0,0,0
2,2,1,1,1,0,0,0,0,0,0,0,0,0,0,0
2,2,1,1,0,0,0,0,0,0,0,0,0,0,0,2
2,2,1,0,0,0,0,0,0,0,0,1,0,0,2,1
2,2,0,1,0,1,0,0,0,0,1,0,0,0,1,0
2,2,1,1,1,0,0,0,0,0,0,1,0,0,0,2
2,2,1,1,0,0,0,0,0,0,1,1,0,0,2,1
2,2,1,1,0,0,0,0,0,0,1,0,0,0,1,0
2,2,1,1,0,0,0,0,0,0,0,0,0,2,0,0
2,2,1,1,0,0,0,0,0,0,0,0,2,0,0,0
2,2,1,1,0,0,0,0,0,0,0,1,0,0,0,2
2,2,1,1,0,0,0,1,0,0,1,2,0,0,2,0
2,2,1,1,0,0,1,2,0,0,2,2,0,0,0,0
2,2,1,2,0,0,2,0,0,0,2,1,0,0,0,0
2,2,2,2,0,0,0,1,0,0,1,2,0,0,0,0
2,2,2,1,0,1,1,0,0,0,2,0,0,0,0,1
2,2,1,0,1,0,0,0,0,0,0,0,0,2,1,1
2,2,0,2,0,0,0,0,0,0,0,0,2,2,1,0
2,2,2,2,0,0,0,0,0,0,0,2,2,0,0,0
2,2,2,2,0,0,0,1,0,0,2,2,0,0,0,1
2,2,2,2,0,1,1,0,0,0,2,0,0,0,1,0
2,2,2,1,1,1,0,0,0,0,0,1,0,0,0,2
2,2,1,1,1,1,0,0,0,1,1,0,0,1,2,0
2,2,1,1,1,0,0,0,1,0,0,0,1,0,0,0
2,2,1,0,0,1,0,1,0,1,0,1,0,0,0,0
2,1,0,1,1,1,1,2,1,1,1,2,0,1,0,4
1,2,1,2,1,0,2,0,1,0,2,0,1,0,4,3
2,2,2,2,0,0,0,0,0,0,0,2,0,0,3,0
2,2,2,1,0,0,0,0,0,0,2,2,0,0,0,0
2,2,1,0,0,1,0,1,0,0,2,2,0,0,0,0
2,2,0,1,1,1,1,1,0,1,2,1,0,0,0,0
2,2,1,0,1,1,1,0,1,1,1,1,0,0,0,2
2,1,0,0,1,0,0,2,1,0,1,2,0,1,2,1
1,2,0,0,0,0,2,0,0,1,2,1,1,0,1,0
2,2,0,0,0,0,0,1,1,0,1,2,0,0,0,0
2,1,0,0,0,1,1,2,0,1,2,2,0,0,0,1
1,2,0,0,1,1,2,0,1,1,2,0,0,0,1,0
2,1,0,2,1,1,0,0,1,0,0,0,0,2,0,1
1,2,2,2,1,0,0,0,0,0,0,0,2,2,1,3
2,2,2,2,0,0,0,0,0,0,0,0,2,2,3,0
2,2,2,2,0,0,0,0,0,0,0,1,2,1,0,0
2,2,2,2,0,0,0,1,0,0,1,2,1,0,0,0
2,2,2,2,0,1,1,2,0,1,2,2,0,0,0,0
2,1,2,0,1,0,2,0,1,1,2,1,0,0,0,0
1,2,0,2,0,0,0,0,1,1,1,2,0,0,0,3
2,2,2,2,0,0,0,0,1,0,2,1,0,0,3,0
2,2,2,2,0,1,0,0,0,1,1,0,0,0,0,1
2,2,2,2,1,2,0,2,1,1,0,2,0,0,1,0
2,2,2,1,2,1,2,0,1,1,2,0,0,0,0,2
2,2,1,0,1,1,0,0,1,1,0,0,0,1,2,0
2,1,0,1,1,0,0,0,1,0,0,0,1,1,0,1
1,2,1,1,0,0,0,1,0,0,0,2,1,0,1,1
2,2,1,1,0,0,1,0,0,0,2,1,0,2,1,0
2,2,1,2,0,1,0,2,0,1,1,2,2,2,0,0
2,2,2,1,1,2,2,0,1,1,2,0,2,0,0,0
2,2,1,0,2,2,0,2,1,1,0,2,0,0,0,2
2,2,0,0,2,1,2,0,1,1,2,1,0,0,2,0
2,2,0,1,1,1,0,1,1,1,1,1,0,0,0,1
2,2,1,1,1,1,1,2,1,1,1,2,0,0,1,1
2,2,1,2,1,1,2,0,1,1,2,0,0,1,1,2
2,2,2,1,1,1,0,0,1,1,0,1,1,0,2,2
2,2,1,2,1,1,0,2,1,1,1,2,0,0,2,6
2,2,2,2,1,1,2,2,1,1,2,2,0,1,6,0
2,2,2,2,1,0,2,0,1,0,2,0,1,2,0,1
2,1,2,0,0,0,0,0,0,0,0,0,2,2,1,1
1,2,0,0,0,0,0,0,0,0,0,2,2,0,1,1
2,2,0,1,0,0,0,0,0,0,2,2,0,0,1,1
2,1,1,0,0,0,0,0,0,1,2,2,0,0,1,0
1,2,0,0,0,1,0,1,1,1,2,1,0,0,0,0
2,2,0,0,1,1,1,2,1,1,1,2,0,0,0,0
2,2,0,0,1,2,2,2,1,2,2,2,0,0,0,0
2,1,0,0,2,2,2,2,2,2,2,2,0,0,0,0
1,2,0,1,2,1,2,0,2,1,2,0,0,2,0,0
2,1,1,2,1,0,0,0,1,0,0,0,2,2,0,0
1,1,2,1,0,0,0,0,0,0,0,0,2,0,0,0
1,1,1,0,0,1,0,0,0,1,0,1,0,0,0,2
1,1,0,1,1,1,0,0,1,1,1,0,0,2,2,0
1,1,1,2,1,0,0,0,1,0,0,0,2,2,0,0
1,2,2,2,0,0,0,0,0,0,0,0,2,1,0,1
2,2,2,1,0,0,0,1,0,1,0,2,1,2,1,1
2,1,1,0,0,1,1,0,1,1,2,0,2,2,1,0
1,1,0,1,1,0,0,0,1,0,0,0,2,1,0,0
1,2,1,1,0,0,0,0,0,0,0,1,1,0,0,1
2,2,1,1,0,0,0,1,0,0,1,2,0,0,1,0
2,1,1,1,0,1,1,2,0,1,2,2,0,0,0,1
1,2,1,1,1,1,2,2,1,1,2,2,0,0,1,1
2,2,1,0,1,1,2,2,1,1,2,2,0,0,1,1
2,1,0,1,1,0,2,1,1,1,2,1,0,0,1,0
1,2,1,1,0,2,1,1,1,2,1,1,0,0,0,0
2,1,1,0,2,1,1,1,2,2,1,1,0,0,0,0
1,1,0,0,1,2,1,2,2,2,1,2,0,1,0,0
1,1,0,1,2,0,2,0,2,0,2,0,1,2,0,0
1,1,1,1,0,0,0,0,0,0,0,0,2,2,0,1
1,1,1,1,0,0,0,0,0,0,0,0,2,0,1,0
1,1,1,1,0,0,0,0,0,1,0,1,0,0,0,0
1,2,1,1,0,1,0,2,1,1,1,2,0,0,0,0
2,1,1,1,1,2,2,1,1,1,2,0,0,2,0,0
1,1,1,2,2,0,1,0,1,1,0,0,2,1,0,0
1,1,2,1,0,0,0,0,1,1,0,0,1,1,0,0
1,2,1,2,0,0,0,0,1,1,0,1,1,0,0,0
2,2,2,2,0,0,0,0,1,1,1,2,0,0,0,1
2,2,2,2,0,0,0,1,1,1,2,2,0,0,1,1
2,2,2,2,0,1,1,1,1,2,2,1,0,0,1,2
2,2,2,2,1,1,1,1,2,2,1,1,0,0,2,0
2,2,2,2,1,2,1,2,2,2,1,1,0,0,0,0
2,2,2,2,2,2,2,2,2,2,1,2,0,0,0,0
2,1,2,0,2,2,2,2,2,2,2,1,0,0,0,1
1,1,0,1,2,1,2,2,2,2,1,2,0,0,1,1
1,2,1,1,1,2,2,1,2,2,2,0,0,0,1,2
2,1,1,1,2,1,1,0,2,1,0,0,0,1,2,1
1,1,1,1,1,1,0,0,1,1,0,0,1,0,1,0
1,1,1,0,1,2,0,2,1,2,0,2,0,1,0,0
1,2,0,2,2,1,2,0,2,1,2,0,1,1,0,0
2,2,2,1,1,1,0,0,1,1,0,0,1,0,0,1
2,0,1,0,1,1,0,0,1,0,0,1,0,0,1,1
0,2,0,2,1,2,0,2,0,2,1,2,0,0,1,1
2,2,2,2,2,2,2,2,2,2,2,2,0,0,1,0
2,2,2,0,2,2,2,1,2,2,2,0,0,0,0,3
2,2,0,1,2,2,1,2,2,2,0,2,0,0,3,1
2,2,1,1,2,1,2,0,2,1,2,0,0,1,1,0
2,2,1,1,1,0,0,0,1,1,0,1,1,0,0,1
2,2,1,1,0,0,0,1,1,1,1,2,0,0,1,1
2,2,1,1,0,2,1,2,1,1,2,2,0,2,1,0
2,2,1,1,2,2,2,1,1,1,2,0,2,2,0,1
2,2,1,2,2,2,1,2,1,2,0,1,2,1,1,0
2,2,2,2,2,2,2,1,2,2,1,0,1,0,0,1
2,1,2,2,2,2,1,0,2,1,0,0,0,0,1,0
1,1,2,2,2,2,0,2,1,2,0,2,0,0,0,1
1,1,2,2,2,2,2,2,2,2,2,2,0,1,1,2
1,1,2,2,2,2,2,1,2,1,2,0,1,1,2,0
1,1,2,2,2,1,1,1,1,1,0,0,1,2,0,0
1,1,2,2,1,1,1,0,1,0,0,0,2,2,0,0
1,1,2,2,1,1,0,1,0,1,0,1,2,0,0,1
1,1,2,2,1,0,1,2,1,1,1,2,0,0,1,0
1,1,2,2,0,2,2,1,1,2,2,0,0,0,0,0
1,1,2,2,2,2,1,2,2,2,0,0,0,0,0,1
1,1,2,2,2,2,2,2,2,2,0,1,0,1,1,0
1,1,2,2,2,2,2,2,2,2,1,1,1,0,0,0
1,1,2,2,2,2,2,2,2,2,1,2,0,0,0,0
1,1,2,2,2,2,2,2,2,2,2,2,0,1,0,0
1,1,2,2,2,2,2,2,2,2,2,1,1,2,0,0
1,1,2,2,2,2,2,0,2,1,1,0,2,1,0,1
1,1,2,2,2,2,0,1,1,2,0,0,1,0,1,1
1,1,2,2,2,2,1,2,2,2,0,1,0,1,1,1
1,1,2,2,2,2,2,1,2,1,1,0,1,0,1,1
1,1,2,2,2,2,1,2,1,2,0,1,0,0,1,0
1,1,2,2,2,2,2,2,2,2,1,2,0,0,0,3
1,1,2,2,2,2,2,2,2,2,2,0,0,0,3,0
1,1,2,2,2,2,2,2,2,2,0,2,0,0,0,0
1,1,2,2,2,1,2,0,2,1,2,0,0,2,0,1
1,1,2,2,1,1,0,1,1,1,0,1,2,0,1,0
1,1,2,2,1,2,1,2,1,2,1,1,0,2,0,0
1,1,2,2,2,2,2,2,2,2,1,0,2,0,0,3
1,1,2,2,2,2,2,2,2,2,0,1,0,0,3,2
1,1,2,2,2,2,2,1,2,2,1,0,0,2,2,0
1,1,2,2,2,1,1,0,2,1,0,0,2,1,0,0
1,1,2,2,1,1,0,1,1,2,0,1,1,1,0,1
1,1,2,2,1,2,1,1,2,2,1,0,1,1,1,0
1,1,2,2,2,2,1,1,2,1,0,0,1,0,0,0
1,1,2,2,2,1,1,1,1,2,0,1,0,0,0,0
1,1,2,2,1,1,1,2,2,2,1,1,0,0,0,1
1,1,2,2,1,2,2,1,2,2,1,0,0,0,1,1
1,1,2,2,2,2,1,2,2,2,0,2,0,0,1,0
1,0,2,2,2,2,2,2,2,2,2,0,0,0,0,0
0,1,2,2,2,2,2,2,2,2,0,0,0,0,0,0
1,1,2,2,2,2,2,2,2,2,0,2,0,0,0,0
1,1,2,2,2,2,2,2,2,2,2,0,0,0,0,0
1,1,2,2,2,2,2,2,2,2,0,1,0,2,0,0
1,1,2,2,2,2,2,0,2,1,1,0,2,2,0,0
1,1,2,2,2,2,0,2,1,2,0,0,2,0,0,0
1,1,2,2,2,2,2,2,2,2,0,2,0,0,0,2
1,1,2,2,2,2,2,1,2,1,2,0,0,2,2,1
1,1,2,2,2,2,1,1,1,1,0,0,2,0,1,1
1,0,2,2,2,0,1,1,1,2,0,2,0,0,1,1
0,0,2,1,0,1,1,2,2,2,2,2,0,0,1,0
0,0,1,1,1,2,2,2,2,2,2,1,0,2,0,0
0,0,1,1,2,2,2,1,2,1,1,0,2,2,0,0
0,0,1,0,2,2,1,1,1,1,0,0,2,2,0,0
0,0,0,1,2,1,1,0,1,1,0,0,2,2,0,0
0,0,1,1,1,1,0,0,1,1,0,0,2,0,0,0
0,0,1,1,1,2,0,1,1,1,0,0,0,1,0,0
0,1,1,1,2,1,1,2,1,2,0,2,1,0,0,0
1,0,1,1,1,2,2,2,2,2,2,1,0,0,0,0
0,0,1,0,2,2,2,2,2,2,1,2,0,1,0,0
0,0,0,1,2,2,2,2,2,2,2,0,1,0,0,0
0,0,1,1,2,2,2,2,2,2,0,0,0,0,0,0
0,0,1,1,2,2,2,2,2,2,0,0,0,2,0,0
0,1,1,2,2,2,2,1,2,2,0,0,2,0,0,0
1,0,2,2,2,2,1,1,2,2,0,0,0,0,0,0
0,0,2,0,2,2,1,2,2,2,0,0,0,0,0,0
0,0,0,0,2,2,2,2,2,2,0,1,0,1,0,0
0,0,0,0,2,2,2,2,2,2,1,1,1,0,0,0
0,0,0,1,2,2,2,2,2,2,1,0,0,0,0,0
0,0,1,0,2,2,2,2,2,2,0,1,0,0,0,0
0,0,0,1,2,2,2,2,2,2,1,1,0,2,0,0
0,0,1,0,2,2,2,2,2,2,1,0,2,0,0,0
0,0,0,1,2,2,2,2,2,2,0,0,0,1,0,0
0,0,1,1,2,2,2,2,2,2,0,1,1,1,0,0
0,0,1,0,2,1,2,2,2,2,1,2,1,1,0,0
0,0,0,0,1,2,2,1,2,2,2,0,1,1,0,0
0,0,0,0,2,2,1,1,2,2,0,0,1,2,0,0
0,0,0,0,2,1,1,1,2,1,0,1,2,2,0,0
0,0,0,0,1,1,1,1,1,1,1,1,2,0,0,2
0,0,0,0,1,2,1,2,1,2,1,2,0,1,2,0
0,0,0,0,2,2,2,1,2,1,2,0,1,0,0,1
0,0,0,0,2,2,1,2,1,2,0,0,0,0,1,1
0,1,0,2,2,2,2,2,2,2,0,2,0,2,1,1
1,0,2,1,2,2,2,2,2,2,2,2,2,0,1,2
0,0,1,1,2,2,2,2,2,2,2,1,0,0,2,3
0,0,1,0,2,2,2,2,2,2,1,2,0,0,3,0
0,0,0,1,2,2,2,1,2,2,2,0,0,2,0,0
0,0,1,1,2,2,1,2,2,1,0,2,2,0,0,1
0,0,1,1,2,2,2,2,1,2,2,0,0,0,1,0
0,0,1,1,2,2,2,2,2,2,0,1,0,2,0,0
0,0,1,1,2,2,2,1,2,2,1,0,2,1,0,1
0,0,1,1,2,2,1,2,2,2,0,2,1,0,1,0
0,0,1,1,2,2,2,1,2,2,2,0,0,0,0,1
0,0,1,1,2,2,1,2,2,2,0,1,0,0,1,1
0,0,1,1,2,2,2,2,2,2,1,1,0,0,1,1
0,0,1,2,2,2,2,2,2,2,1,0,0,0,1,0
0,0,2,0,2,2,2,2,2,2,0,1,0,1,0,1
0,0,0,1,2,2,2,2,2,2,1,0,1,1,1,0
0,0,1,1,2,2,2,2,2,2,0,0,1,0,0,1
0,0,1,1,2,2,2,2,2,2,0,0,0,0,1,2
0,1,1,0,2,2,2,2,2,2,0,1,0,0,2,0
1,1,0,0,2,2,2,2,2,2,1,1,0,0,0,2
1,1,0,0,2,2,2,2,2,2,1,1,0,0,2,0
1,1,0,1,2,2,2,2,2,2,1,2,0,0,0,0
1,1,1,0,2,2,2,2,2,2,2,1,0,0,0,0
1,1,0,0,2,2,2,2,2,2,1,1,0,0,0,0
1,1,0,0,2,2,2,2,2,2,1,1,0,0,0,1
1,0,0,0,2,2,2,2,2,2,1,2,0,0,1,0
0,0,0,0,2,2,2,2,2,2,2,0,0,2,0,0
0,1,0,1,2,2,2,0,2,1,0,0,2,2,0,1
1,1,1,0,2,2,0,2,1,1,0,1,2,0,1,1
1,1,0,0,2,2,2,2,1,2,1,1,0,0,1,0
1,1,0,0,2,2,2,2,2,2,1,1,0,2,0,1
1,1,0,1,2,2,2,0,2,1,1,0,2,2,1,0
1,1,1,1,2,1,0,1,1,1,0,0,2,0,0,0
1,1,1,0,1,2,1,2,1,2,0,1,0,0,0,1
1,1,0,1,2,2,2,1,2,1,1,0,0,0,1,0
1,1,1,0,2,1,1,2,1,1,0,1,0,0,0,0
1,1,0,0,1,2,2,2,1,2,1,1,0,0,0,1
1,0,0,0,2,1,2,2,2,2,1,2,0,1,1,0
0,1,0,0,1,1,2,0,2,0,2,0,1,1,0,0
1,1,0,0,1,1,0,1,0,1,0,1,1,0,0,1
1,1,0,0,1,2,1,2,1,2,1,1,0,0,1,2
1,1,0,0,2,1,2,0,2,1,1,0,0,2,2,1
1,1,0,0,1,1,0,0,1,0,0,0,2,0,1,1
1,1,0,1,1,1,0,1,0,1,0,1,0,0,1,1
1,1,1,1,1,2,1,1,1,1,1,1,0,1,1,2
1,1,1,0,2,2,1,1,1,1,1,0,1,0,2,0
1,1,0,0,2,2,1,1,1,1,0,1,0,0,0,0
1,0,0,0,2,1,1,1,1,2,1,1,0,0,0,0
0,0,0,0,1,1,1,1,2,1,1,1,0,0,0,0
0,0,0,0,1,1,1,2,1,1,1,2,0,0,0,0
0,1,0,0,1,2,2,2,1,1,2,2,0,0,0,4
1,0,0,0,2,1,2,1,1,2,2,0,0,1,4,0
0,0,0,1,1,1,1,1,2,1,0,0,1,2,0,0
0,0,1,1,1,1,1,1,1,1,0,0,2,0,0,0
0,0,1,1,1,2,1,1,1,1,0,1,0,2,0,0
0,0,1,0,2,2,1,2,1,1,1,1,2,0,0,2
0,0,0,0,2,2,2,2,1,2,1,1,0,1,2,2
0,0,0,0,2,1,2,0,2,1,1,0,1,2,2,2
0,0,0,0,1,1,0,0,1,1,0,0,2,2,2,0
0,0,0,0,1,1,0,1,1,1,0,0,2,0,0,1
0,0,0,0,1,1,1,1,1,1,0,1,0,0,1,1
0,0,0,0,1,2,1,1,1,2,1,0,0,0,1,0
0,0,0,2,2,1,1,1,2,1,0,0,0,0,0,0
0,1,2,2,1,1,1,1,1,1,0,1,0,0,0,0
1,0,2,1,1,1,1,1,1,2,1,1,0,0,0,0
0,0,1,1,1,1,1,1,2,1,1,1,0,0,0,0
0,1,1,2,1,2,1,2,1,1,1,1,0,0,0,0
1,0,2,2,2,1,2,1,1,1,1,1,0,0,0,0
0,0,2,1,1,1,1,2,1,1,1,1,0,0,0,1
0,0,1,2,1,2,2,2,1,1,1,2,0,0,1,1
0,0,2,1,2,1,2,1,1,1,2,1,0,1,1,0
0,0,1,0,1,1,1,1,1,1,1,1,1,0,0,0
0,0,0,2,1,2,1,1,1,1,1,0,0,0,0,0
0,0,2,0,2,2,1,2,1,1,0,1,0,0,0,0
0,1,0,2,2,2,2,2,1,1,1,1,0,0,0,1
1,0,2,2,2,1,2,0,1,1,1,0,0,0,1,0
0,0,2,1,1,0,0,0,1,1,0,1,0,0,0,0
0,0,1,1,0,0,0,1,1,0,1,2,0,0,0,1
0,0,1,2,0,0,1,1,0,0,2,2,0,0,1,0
0,0,2,1,0,0,1,1,0,0,2,2,0,0,0,1
0,0,1,2,0,1,1,1,0,1,2,1,0,0,1,0
0,0,2,1,1,1,1,1,1,1,1,2,0,0,0,0
0,0,1,1,1,0,1,0,1,0,2,1,0,0,0,0
0,0,1,1,0,1,0,1,0,1,1,1,0,0,0,0
0,0,1,1,1,1,1,1,1,0,1,2,0,0,0,0
0,0,1,0,1,1,1,2,0,1,2,2,0,0,0,0
0,0,0,0,1,1,2,2,1,1,2,2,0,0,0,0
0,0,0,0,1,1,2,0,1,1,2,0,0,0,0,0
0,0,0,0,1,1,0,0,1,0,0,0,0,0,0,0
0,1,0,2,1,1,0,1,0,1,0,1,0,0,0,0
1,1,2,2,1,1,1,1,1,1,1,1,0,0,0,0
1,0,2,2,1,0,1,1,1,0,1,2,0,0,0,0
0,0,2,2,0,1,1,1,0,0,2,1,0,0,0,0
0,0,2,2,1,0,1,1,0,0,1,2,0,0,0,0
0,0,2,2,0,0,1,0,0,0,2,1,0,1,0,0
0,1,2,2,0,0,0,0,0,0,1,0,1,1,0,0
1,1,2,2,0,0,0,0,0,0,0,1,1,0,0,0
1,1,2,2,0,0,0,0,0,0,1,2,0,0,0,1
1,1,2,1,0,0,0,0,0,0,2,2,0,0,1,0
1,1,1,1,0,0,0,1,0,0,2,2,0,0,0,0
1,1,1,1,0,0,1,0,0,0,2,2,0,0,0,1
1,0,1,0,0,0,0,1,0,0,2,2,0,0,1,1
0,0,0,0,0,1,1,2,0,0,2,2,0,0,1,1
0,0,0,0,1,1,2,0,0,1,2,1,0,0,1,1
0,0,0,0,1,0,0,0,1,0,1,1,0,0,1,1
0,0,0,0,0,0,0,0,0,0,1,2,0,0,1,0
0,0,0,0,0,0,0,0,0,0,2,1,0,0,0,0
0,0,0,0,0,0,0,2,0,0,1,2,0,0,0,0
0,0,0,0,0,1,2,1,0,0,2,1,0,0,0,2
0,0,0,0,1,0,1,1,0,0,1,2,0,0,2,0
0,0,0,0,0,0,1,0,0,0,2,1,0,0,0,0
0,0,0,0,0,0,0,0,0,0,1,1,0,0,0,0
0,0,0,0,0,0,0,0,0,0,1,2,0,0,0,0
0,0,0,0,0,0,0,0,0,0,2,2,0,0,0,0
0,0,0,0,0,0,0,1,0,0,2,2,0,0,0,0
0,0,0,0,0,0,1,0,0,0,2,2,0,0,0,0
0,0,0,0,0,0,0,0,0,0,2,2,0,0,0,0
0,0,0,0,0,0,0,0,0,0,2,2,0,0,0,1
0,0,0,0,0,0,0,1,0,0,2,2,0,0,1,1
0,0,0,0,0,1,1,1,0,0,2,2,0,0,1,0
0,0,0,0,1,0,1,0,0,0,2,2,0,0,0,4
0,0,0,0,0,0,0,0,0,0,2,2,0,0,4,1
0,0,0,0,0,0,0,0,0,0,2,2,0,0,1,0
0,0,0,0,0,0,0,0,0,0,2,2,0,0,0,0
0,0,0,0,0,0,0,0,0,0,2,1,0,0,0,0
0,0,0,0,0,1,0,1,0,0,1,1,0,0,0,0
0,0,0,0,1,0,1,0,0,0,1,2,0,0,0,0
0,0,0,0,0,0,0,1,0,0,2,2,0,0,0,2
