Prs_ds_disc,Prs_us_disc,MinTemp_disc,MaxTemp_disc,Avg_Temp_disc,Temp_range_disc,Rain_disc,meterleak_count
2,1,0,0,0,2,0,0
2,1,1,2,1,2,0,0
2,1,0,0,0,2,0,0
2,1,0,0,0,2,0,0
2,2,0,0,0,2,1,1
2,2,0,0,0,1,1,0
2,2,0,0,0,1,1,0
2,2,0,0,0,1,1,0
2,1,0,0,0,1,0,0
1,0,0,1,0,2,0,1
2,0,0,0,0,2,0,1
2,2,1,0,0,1,0,0
2,2,0,1,0,1,0,0
2,2,0,0,1,0,1,0
2,2,0,0,0,0,2,3
2,2,0,0,0,0,0,0
2,2,0,0,0,1,0,0
2,1,0,0,0,2,0,0
2,1,0,0,0,2,0,1
2,1,0,0,0,2,0,0
2,1,0,0,0,1,0,0
2,2,0,0,0,1,0,1
2,2,0,1,0,2,0,1
2,1,1,1,0,1,0,0
2,1,0,1,0,2,0,1
2,2,0,0,0,2,0,1
2,2,0,1,0,2,0,0
2,0,0,0,1,1,0,0
1,0,0,1,0,2,0,0
2,1,0,0,0,1,0,1
2,0,0,0,0,2,0,0
2,1,1,0,0,0,0,0
2,1,0,0,0,0,0,0
2,1,0,0,0,0,0,2
2,0,0,0,0,1,0,1
2,1,1,0,0,0,0,0
2,1,0,0,0,1,0,1
2,1,0,0,0,1,0,1
2,1,0,0,0,0,0,0
2,1,0,0,0,0,2,0
2,1,0,0,0,0,0,0
2,1,0,0,0,1,0,1
2,1,0,1,0,2,0,0
2,1,0,2,0,2,0,0
2,2,0,0,0,1,0,0
2,2,0,1,0,2,0,0
2,1,1,0,0,0,0,1
2,0,0,0,0,0,2,0
2,2,0,0,0,0,2,0
2,2,0,0,0,2,0,0
2,2,0,1,0,2,0,0
2,2,1,0,0,0,0,0
2,1,1,0,0,1,0,0
2,1,1,0,1,0,1,0
2,1,0,0,0,0,0,0
2,0,1,1,1,1,0,0
1,1,1,2,1,2,1,2
2,2,0,0,0,0,0,3
2,2,0,0,0,2,0,0
2,1,0,0,0,2,0,0
2,0,1,1,0,2,0,0
2,1,1,1,1,1,0,0
2,0,1,0,1,1,0,0
1,0,0,2,0,2,1,1
2,0,0,0,1,1,0,0
2,0,0,1,0,2,0,0
1,0,1,2,1,2,0,0
2,0,1,0,1,0,0,0
1,2,1,0,0,0,2,0
2,2,0,0,0,0,2,2
2,2,0,0,0,0,2,0
2,2,0,0,0,1,1,0
2,2,0,1,0,2,0,0
2,2,1,2,1,2,0,0
1,0,0,0,1,1,0,0
2,2,0,0,1,2,0,0
2,2,0,0,0,1,0,0
2,2,1,0,1,0,0,0
2,2,2,2,1,2,0,0
2,1,1,0,1,0,0,1
2,0,1,0,1,0,1,0
1,1,0,0,0,0,1,0
2,1,0,1,0,2,0,1
2,1,0,0,0,1,2,0
2,2,1,2,1,2,2,0
2,1,2,0,1,0,0,0
2,0,2,2,1,2,0,0
2,0,1,0,1,1,0,0
2,1,1,1,1,1,0,0
2,1,1,2,1,2,0,1
2,2,1,0,1,0,1,0
2,1,1,0,1,1,0,0
2,2,1,2,1,2,0,1
2,2,1,2,1,2,1,0
2,2,0,0,0,0,2,0
1,0,0,0,0,0,2,1
2,0,0,0,0,2,0,0
2,1,0,0,0,2,0,0
1,0,0,0,1,2,0,0
2,0,1,1,1,1,0,0
2,0,1,2,1,2,0,0
2,0,2,2,2,2,0,0
1,0,2,2,2,2,0,0
2,1,1,0,1,0,2,0
1,2,0,0,0,0,2,0
1,1,0,0,0,0,0,0
1,0,1,0,1,1,0,0
1,1,1,0,1,0,2,0
1,2,0,0,0,0,2,0
2,2,0,0,0,0,1,0
2,1,0,1,1,2,2,0
1,0,1,0,1,0,2,0
1,1,0,0,0,0,1,0
2,1,0,0,0,1,0,1
2,1,0,1,0,2,0,0
1,1,1,2,1,2,0,1
2,1,1,2,1,2,0,1
2,0,1,2,1,2,0,1
1,1,0,1,1,1,0,0
2,1,2,1,2,1,0,0
1,0,1,1,2,1,0,0
1,0,2,2,2,2,1,0
1,1,0,0,0,0,2,0
1,1,0,0,0,0,2,0
1,1,0,0,0,0,0,0
1,1,0,0,1,1,0,0
2,1,1,2,1,2,0,0
1,1,2,1,1,0,2,0
1,2,0,0,1,0,1,0
1,1,0,0,1,0,1,0
2,2,0,0,1,1,0,0
2,2,0,0,1,2,0,1
2,2,0,1,1,2,0,1
2,2,1,1,2,1,0,2
2,2,1,1,2,1,0,0
2,2,2,2,2,1,0,0
2,2,2,2,2,2,0,0
1,0,2,2,2,1,0,0
1,1,1,2,2,2,0,1
2,1,2,1,2,0,0,0
1,1,1,0,1,0,1,0
1,1,1,0,1,0,0,0
1,0,2,2,2,2,1,0
2,2,1,0,1,0,1,0
2,1,1,0,1,0,0,1
0,0,1,0,0,1,0,1
2,2,2,2,2,2,0,0
2,2,2,2,2,2,0,0
2,0,2,1,2,0,0,0
2,1,2,2,2,2,0,0
2,1,1,0,1,0,1,0
2,1,0,0,1,1,0,1
2,1,0,1,1,2,0,0
2,1,2,2,1,2,2,0
2,1,2,1,1,0,2,0
2,2,2,2,2,1,1,0
2,2,2,1,2,0,0,0
1,2,2,0,1,0,0,0
1,2,2,2,2,2,0,0
1,2,2,2,2,2,1,1
1,2,2,1,1,0,1,0
1,2,1,1,1,0,2,0
1,2,1,0,0,0,2,0
1,2,1,1,1,1,0,1
1,2,0,2,1,2,0,0
1,2,2,1,2,0,0,0
1,2,2,2,2,0,0,1
1,2,2,2,2,1,1,0
1,2,2,2,2,1,0,0
1,2,2,2,2,2,0,0
1,2,2,2,2,2,1,0
1,2,2,2,2,1,2,0
1,2,2,0,1,0,1,1
1,2,2,1,2,0,0,1
1,2,2,2,2,1,1,1
1,2,2,1,1,0,0,1
1,2,2,2,2,1,0,0
1,2,2,2,2,2,0,1
1,2,2,2,2,0,0,0
1,2,2,2,2,2,0,0
1,2,1,0,1,0,2,1
1,2,1,1,1,1,0,0
1,2,2,2,2,1,2,0
1,2,2,2,2,0,0,0
1,2,2,2,2,1,0,2
1,2,2,1,2,0,2,0
1,2,1,0,1,0,1,0
1,2,1,1,2,1,1,1
1,2,2,1,2,0,1,0
1,2,2,1,1,0,0,0
1,2,1,1,2,1,0,0
1,2,1,2,2,1,0,0
1,2,2,1,2,0,0,0
1,2,2,2,2,2,0,0
0,2,2,2,2,0,0,0
1,2,2,2,2,0,0,0
1,2,2,2,2,2,0,0
1,2,2,2,2,0,0,0
1,2,2,2,2,1,2,0
1,2,2,0,1,0,2,0
1,2,2,2,2,0,0,0
1,2,2,2,2,2,0,0
1,2,2,1,1,0,2,0
1,2,2,1,1,0,0,0
0,2,0,1,2,2,0,1
0,1,1,2,2,2,0,0
0,1,2,2,2,1,2,0
0,1,2,1,1,0,2,0
0,0,2,1,1,0,2,0
0,1,1,0,1,0,2,0
0,1,1,0,1,0,0,0
0,1,2,1,1,0,1,0
1,1,1,2,2,2,0,0
0,1,2,2,2,1,0,0
0,0,2,2,2,2,1,0
0,1,2,2,2,0,0,0
0,1,2,2,2,0,0,0
0,1,2,2,2,0,2,0
1,2,2,1,2,0,0,0
0,2,2,1,2,0,0,0
0,0,2,2,2,0,0,0
0,0,2,2,2,1,1,0
0,0,2,2,2,1,0,0
0,1,2,2,2,0,0,0
0,0,2,2,2,1,0,0
0,1,2,2,2,1,2,0
0,0,2,2,2,0,0,0
0,1,2,2,2,0,1,0
0,1,2,2,2,1,1,0
0,0,1,2,2,2,1,0
0,0,2,1,2,0,1,0
0,0,2,1,2,0,2,0
0,0,1,1,1,1,2,0
0,0,1,1,1,1,0,0
0,0,2,2,2,2,1,0
0,0,2,1,1,0,0,0
0,0,2,2,2,0,0,0
1,2,2,2,2,2,2,0
0,1,2,2,2,2,0,0
0,1,2,2,2,1,0,2
0,0,2,2,2,2,0,0
0,1,2,1,2,0,2,0
0,1,2,2,1,2,0,1
0,1,2,2,2,0,0,0
0,1,2,2,2,1,2,0
0,1,2,1,2,0,1,0
0,1,2,2,2,2,0,0
0,1,2,1,2,0,0,1
0,1,2,2,2,1,0,0
0,1,2,2,2,1,0,0
0,2,2,2,2,0,0,0
0,0,2,2,2,1,1,1
0,1,2,2,2,0,1,0
0,1,2,2,2,0,0,1
0,1,2,2,2,0,0,0
1,0,2,2,2,1,0,0
1,0,2,2,2,1,0,0
1,0,2,2,2,1,0,0
1,1,2,2,2,2,0,0
1,0,2,2,2,1,0,0
1,0,2,2,2,1,0,0
1,0,2,2,2,1,0,1
0,0,2,2,2,2,0,0
0,0,2,2,2,0,2,0
1,1,2,0,1,0,2,0
1,0,2,2,1,1,0,0
1,0,2,2,2,1,0,0
1,0,2,2,2,1,2,1
1,1,2,0,1,0,2,0
1,1,1,1,1,0,0,0
1,0,2,2,2,1,0,0
1,1,2,1,1,0,0,0
1,0,1,2,1,1,0,0
1,0,2,2,2,1,0,0
0,0,1,2,2,2,1,0
1,0,1,0,0,0,1,0
1,0,1,1,1,1,0,0
1,0,2,2,2,1,0,1
1,0,1,0,1,0,2,1
1,0,1,0,0,0,0,0
1,1,1,1,1,1,0,1
1,1,2,1,1,1,1,0
1,0,2,1,1,0,0,0
1,0,2,1,1,1,0,0
0,0,1,1,2,1,0,0
0,0,1,1,1,1,0,0
0,0,1,2,1,2,0,0
1,0,2,2,1,2,0,0
0,0,1,1,2,0,1,0
0,1,1,1,1,0,2,0
0,1,1,1,1,0,0,0
0,1,2,1,1,1,2,0
0,0,2,2,1,1,0,1
0,0,2,2,2,1,1,1
0,0,1,0,1,0,2,0
0,0,1,0,1,0,2,0
0,0,1,1,1,0,0,1
0,0,1,1,1,1,0,1
0,0,2,1,2,0,0,0
0,2,1,1,1,0,0,0
1,2,1,1,1,1,0,0
0,1,1,1,2,1,0,0
0,1,1,1,1,1,0,0
1,2,2,2,1,1,0,0
0,2,1,1,1,1,0,0
0,1,1,2,1,1,0,0
0,2,2,2,1,2,0,1
0,1,1,1,1,1,1,0
0,0,1,1,1,1,0,0
0,2,2,1,1,0,0,0
0,0,2,2,1,1,0,0
1,2,2,2,1,1,0,0
0,2,1,0,1,0,0,0
0,1,0,0,1,1,0,0
0,1,0,1,0,2,0,0
0,2,0,1,0,2,0,0
0,1,0,1,0,2,0,0
0,2,1,1,1,1,0,0
0,1,1,1,1,2,0,0
0,1,0,0,0,1,0,0
0,1,1,1,1,1,0,0
0,1,1,1,0,2,0,0
0,0,1,2,1,2,0,0
0,0,1,2,1,2,0,0
0,0,1,0,1,0,0,0
0,0,1,0,0,0,0,0
1,2,1,1,1,1,0,0
1,2,1,1,1,1,0,0
0,2,0,1,0,2,0,0
0,2,1,1,0,1,0,0
0,2,0,1,0,2,0,0
0,2,0,0,0,1,1,0
1,2,0,0,0,0,1,0
1,2,0,0,0,1,0,0
1,2,0,0,0,2,0,0
1,1,0,0,0,2,0,0
1,1,0,1,0,2,0,0
1,1,0,0,0,2,0,1
0,0,0,1,0,2,0,0
0,0,1,2,0,2,0,1
0,0,1,0,1,1,0,0
0,0,0,0,0,1,0,1
0,0,0,0,0,2,0,0
0,0,0,0,0,1,0,0
0,0,0,2,0,2,0,0
0,0,1,1,0,1,0,1
0,0,0,1,0,2,0,0
0,0,0,0,0,1,0,0
0,0,0,0,0,1,0,0
0,0,0,0,0,2,0,0
0,0,0,0,0,2,0,0
0,0,0,1,0,2,0,0
0,0,0,0,0,2,0,0
0,0,0,0,0,2,0,0
0,0,0,0,0,2,0,1
0,0,0,1,0,2,0,0
0,0,1,1,0,2,0,0
0,0,0,0,0,2,0,2
0,0,0,0,0,2,0,0
0,0,0,0,0,2,0,0
0,0,0,0,0,2,0,0
0,0,0,0,0,1,0,0
0,0,1,1,0,1,0,0
0,0,0,0,0,2,0,0
0,0,0,1,0,2,0,2
